"In a dying act of defiance, Polish dancer and Holocaust victim Franceska Mann shot and killed SS officer Josef Schillinger.";mostly true
"Dairy Queen is hosting 'Free Cone Day' on 20 March 2017.";mostly true
"The New York Times contradicted their 20 January 2017 report about wire tapping in an article entitled ""Trump, Offering No Evidence, Says Obama Tapped His Phones.""";FALSE
"Is the GOP's Obamacare Replacement Called 'World's Greatest Healthcare Plan of 2017'?";mostly false
"Left-handed people die younger than right-handed people.";False
"Newly installed U.S. Secretary of Education Betsy DeVos stipulated that ""all history books will contain only the information that can also be found in the Christian Bible.""";False
"House speaker Paul Ryan asserted that women who use birth control are committing murder.";FALSE
"The first ""radioactive salmon"" attributed to the Fukushima nuclear disaster have been found in British Columbia, Canada, posing a risk to human health.";Mixture
"Actors Robert Redford and Meryl Streep are married to each other (or planning to be).";false
"A photograph shows Barack Obama sitting with Malcolm X and Martin Luther King, Jr.";FALSE
"Reggae musician Buju Banton killed himself in prison.";FALSE
"Legislation introduced by Republicans during President Trump's first two months in office included bills to: terminate the Environmental Protection Agency; redistribute federal school funding via voucher programs; terminate the Dept. of Education; repeal a wildlife protection rule; repeal the Affordable Care Act; defund Planned Parenthood; establish a national right-to-work law; strip federal funds from sanctuary cities; criminalize abortion; and place new sanctions on Iran.";Mostly True
"Over-the-counter painkiller paracetamol is contaminated with the Machupo virus and should be avoided.";false
"122 detainees released from confinement at Guantanamo Bay under President Obama have re-engaged in terrorist activities.";mostly false
"The FBI has issued an arrest warrant for Barack Obama over charges of illegal wiretapping.";false
"A Japanese man was found dead months after being crushed by huge pile of pornography.";FALSE
"President Trump tweeted that Native Americans should be deported back to India.";FALSE
"";
"";false
"Under certain conditions, lionesses can grow manes and develop ""masculine behavior"".";True
"Ruth Bader Ginsburg has resigned her U.S. Supreme Court seat and moved to New Zealand.";FALSE
"President Trump’s grandfather Friedrich unsuccessfully petitioned the government of Bavaria (now southeast Germany) not to deport him and his family.";True
"A Florida drug trafficker pardoned by President Obama was re-arrested three months later for the murder of his girlfriend.";false
"A 'Harry Potter Dementor' figure was photographed above a shopping center in Zambia.";FALSE
"Photographs depict signs marking the sites of ""future internment camps"" authorized by President Trump's executive order. <BR>";false
"NBC's long-running 'Saturday Night Live' has been cancelled due to low ratings.";FALSE
"Albert Einstein said ""I fear the day that technology will surpass our human interaction. The world will have a generation of idiots.""";False
"Comedian Tommy Chong of 'Cheech and Chong' fame passed away in February 2017.";FALSE
"A photograph shows a baseball stadium repurposed as a residential neighborhood.";MIXTURE
"Ivana Trump claimed her famous ex-husband Donald is addicted to penile enhancement pills.";false
"Vice President Mike Pence is creating a 'Department of Anti-Witchcraft' to safeguard religious liberty.";FALSE
"";
"An image shows two Disney animated characters sharing the studio's first same-sex kiss.";MIXTURE
"In March 2017, President Trump signed an executive order allocating payments of more than $4,000 to everyone over 65.";false
"A napping morgue worker in Texas was accidentally cremated by a coworker.";false
"Comedian Amy Schumer was arrested at the 2017 Academy Awards for threatening during the live television broadcast to harm President Trump.";false
"Barack and Michelle Obama have filed for divorce in Illinois.";FALSE
"Saudi scientists announced that theyhad determined women were mammals but not humans.";false
"Media giant Time Warner declined to renew CNN's contract.";FALSE
"Whoopi Goldberg said that ""military widows love their 15 minutes in the spotlight.""";FALSE
"Two intelligence agencies suspect that President Donald Trump's cell phone is the source of recently leaked information.";FALSE
"Target's stock crashed because of its transgender bathroom policy.";false
"There is a demonstrable link between marijuana legalization and an increase in violent crime.";False
"Several brands of baby wipes available in the U.S. were recalled in 2017 because they pose a risk of serious infection.";false
"President Trump's sons were detained at a Canadian airport due to their alleged ties to a ""fascist dictator.""";false
"A photograph shows a red blood cell on the tip of a needle.";mixture
"The United States Holocaust Memorial Museum in Washington, D.C. has a display listIng off ""early warning signs"" of an encroaching fascist government.";mixture
"During pregnancy, if the mother suffers organ damage, the baby in the womb sends stem cells to repair the damaged organ.";Mostly True
"";
"A 7-year-old girl was flown to China to receive breast implants for her birthday.";FALSE
"Democrats Bernie Sanders, Keith Ellison, Debbie Wasserman Schultz, and Nancy Pelosi refused to stand and clap for Navy SEAL widow Carryn Owens during a presidential speech.";false
"President Trump has signed a bill lowering the age of sexual consent to 13.";false
"Due to a shortage of men, Iceland will pay $5,000 per month to immigrants who marry Icelandic women.";False
"Pope Francis said that it was 'better to be an atheist than a bad Catholic.'";mixture
"Trump strategist Stephen Bannon defended spousal abuse with the statement, ""Nobody can blame you for beating your wife if it's out of love.""";False
"Sweden was ""rocked"" by a massive terrorist attack in February 2017.";false
"";false
"In the first 45 days of 2017, 179 children went missing in the state of Indiana.";mixture
"Children who watch at least 30 minutes of “Peppa Pig” per day have a 56 percent higher probability of developing autism.";False
"The ""Blue Whale"" suicide game has been responsible for more than 130 suicides in Russia.";unproven
"A lack of media attention regarding a $12 billion reduction to the national debt during President Trump’s first month in office is attributable to biased news coverage.";mixture
"Seth Rogen, Bette Midler, and other Hollywood ""liberal heroes"" were arrested during an Oscar party drug raid.";FALSE
"A new ""finger chop"" challenge is spreading on social media in protest of President Trump.";false
"George Soros was arrested and charged with hate crimes against America.";FALSE
"";
"Republican U.S. representatives implemented a new rule that shields them from prosecution.";mixture
"The U.S.'s leading group of pediatricians issued a strong statement condemning tolerance of gender dysphoria in children.";Mostly False
"A man died in a meth lab explosion after attempting to light his own flatulence.";FALSE
"John Hagee, founder of the Cornerstone Church, wants to prosecute women for saying God's name during intercourse.";false
"A study performed at the Los Alamos National Laboratory found that millimeter wave body scanners commonly used by airport security can alter your DNA.";False
"The Supreme Court has advanced a motion seeking to overturn the results of the 2016 due to purported Russian interference, indicating likelihood it will be heard.";Mixture
"Two Democratic Party congressmen were arrested for ""plotting to murder the president.""";FALSE
"A teenager known as the ""Catch Me Outside Girl"" due to an appearance on the 'Dr Phil Show' was arrested for prostitution.";FALSE
"Thousands of Marines applied for White House detail after Trump became president, and none applied during President Obama's 8 years in office.";UNPROVEN
"John McCain solicited campaign contributions from Russia.";mostly false
"Policies that legalize recreational marijuana exacerbate America’s opioid addiction epidemic.";Unproven
"An audio recording features CNN anchor Jake Tapper using racial slurs.";FALSE
"Parents in Texas found a codeine tablet in a sealed canister of Gerber Puffs.";undetermined
"Actor Bill Murray said in order to teach children about taxes, eat their ice cream.";false
"President Trump played golf six times during his first month in office despite frequently criticizing his predecessor's golfing habits.";MOSTLY TRUE
"Actor Andrew Lincoln died in a car crash in February 2017.";false
"Tucker Carlson hired an actor to play a protest organizer on his Fox News program.";false
"";
"President Donald Trump signed an executive order that bars undocumented people from receiving welfare.";FALSE
"A new tactic used by abductors and carjackers is to leave a shirt on a windshield to lure women out of their cars.";false
"A photograph clearly shows White House advisor Stephen Miller using a hand gesture that means ""white power.""";false
"A photograph show Ivanka Trump with Vladimir Putin and Wendi Murdoch.";FALSE
"President Trump has signed visa-free travel policies for residents of a number of different countries.";false
"President Trump signed an executive order cutting off welfare to ""deadbeats, drug addicts and scam artists.""";false
"Televangelist Pat Robertson said ""staring"" at First Lady Melania Trump could ""cure gays.""";false
"A 2016 bill before the Kentucky legislature would have required men to get their wives' permission before obtaining a prescription for Viagra or other erectile dysfunction drug.";True
"U.S. President George Washington had wooden teeth.";False
"A photograph shows an island that is shaped like a violin in Costa Rica.";FALSE
"Ben Carson said that illegal immigrants who get caught voting should be stripped of citizenship.";mostly true
"A photograph showing Magic Johnson with Jack Nicholson, Michael Jackson, Madonna, and several other celebrities walking into the NBA Playoffs.";FALSE
"President Lyndon B. Johnson sent a letter to the Smothers Brothers for making Americans laugh by mocking him on their show.";true
"A photograph shows a Starbucks with an welcome mat featuring a picture of President Trump on its floor.";FALSE
"Senator John McCain and Rep. Maxine Waters fell for prank phone calls by Russian hackers.";undetermined
"A video shows a woman named Acesha Bright committing Murder.";FALSE
"";
"Coca-Cola issued a recall of Dasani water products after a clear parasite was found in bottles across the United States.";FALSE
"A federal judge ruling in a defamation suit declared that CNN was ""fake news.""";mostly false
"A bill introduced to the Tennessee General Assembly classifies children born from artificial insemination as illegitimate.";Mixture
"President Donald Trump is billing Michelle Obama for buying yachts, furniture, and other items while she was First Lady.";FALSE
"Former President Barack Obama is ""commanding"" an army of anti-Trump protesters from his home near the White House.";false
"Congress passed a law that makes it legal for mentally impaired people to purchase a gun?";Mixture
"Rep. Jason Chaffetz is investigating a PBS show instead of President Donald Trump's alleged Russian connections";UNPROVEN"
"The state of California ignored structural issues with the Oroville dam and paid for programs to benefit undocumented people instead.";mostly false
"During the Watergate scandal, President Nixon blamed all of the controversy on the illegality of the actions of leaker ""Deep Throat.""";false
"A video shows federal troops in armored vehicles patrolling the streets of Chicago on President Trump's orders.";FALSE
"'Family Matters' star Reginald VelJohnson died of a heart attack in February 2017.";false
"Massaging olive oil into breast skin and tissue can prevent and reverse ""sagging.""";unproven
"Peanut oil is secretly present in childhood vaccines and flu shots.";False
"At least one state banned Valentine's Day at schools because it is offensive to Muslims.";false
"";
"Retail chain Nordstrom filed for Chapter 11 bankruptcy after Scott Baio boycotts.";false
"Ben & Jerry's created an ""ImPeachMint"" flavored ice cream for President Donald Trump.";FALSE
"The process to impeach President Trump has begun.";false
"Katy Perry was taken from the Grammys in handcuffs after threatening President Trump.";FALSE
"The English word ""trumpery,"" which derives from a French word meaning ""to deceive,"" is defined in the dictionary as ""showy but worthless.""";True
"A video shows a Muslim refugees rioting and taking over an area in France.";MOSTLY FALSE
"President Trump tweeted on 14 February 2017 that Betsy DeVos was correct in suggesting disabled students are disruptive in the classroom.";false
"President Trump announced a ""stimulus bonus of $612"" for every ""deserving"" American adult and child.";false
"A Russian spy ship has been spotted off the east coast of the United States.";true
"Betsy DeVos said that a 40 percent approval rating meant that President Trump had the support of more than half the country.";FALSE
"Publishing ""copy and paste"" and ""don't share"" status messages on Facebook leave users vulnerable to hacking.";false
"President Trump sent former President Obama a bill for vacations he took with taxpayer money.";FALSE
"President Trump announced intent to ban ""full face"" veils in public places, an act presumably targeting Muslim women.";false
"Burger King has introduced a new ""adult meal"" for Valentine's Day that includes a sex toy.";mixture
"The United States is deporting military veterans.";TRUE
"President Donald Trump was overheard referring to Canadian Prime Minister Justin Trudeau as the ""leader of the igloo people.""";FALSE
"Adolf Hitler said that the only way that the Nazi party could have been stopped was if it were destroyed in its infancy.";MOSTLY TRUE
"";
"SpaceX will be transporting a potentially deadly pathogen to the International Space Station as part of their next launch.";True
"Lady Gaga's halftime performance at the 2017 Super Bowl took the form of a Satanic ritual.";False
"Donald Trump was spotted at a Swiss resort with Vladimir Putin before the 2016 election.";false
"Former president George H.W. Bush passed away on 11 February 2017.";FALSE
"President Trump refused to give federal support to California due to state's sanctuary cities.";FALSE
"A record number of people were deported from the U.S. during Barack Obama's tenure as President.";mixture
"CBP seized the phone of American-born JPL scientist Sidd Bikkannavar and demanded access to its stored data.";undetermined
"Massive anti-immigrant demonstrations in Poland were ignored by news media in Europe.";mostly false
"A gruesome photograph of a shredded hand depicts a ""new punishment for reading the Bible"" in Saudi Arabia.";False
"Bruce Springsteen wrote an open letter apologizing for letting Donald Trump become president.";false
"Planned Parenthood enforces ""abortion quotas"" and rewards well-performing employees for promoting abortion services.";unproven
"Eighty percent of the Ninth Circuit Court of Appeals' decisions are overturned by the Supreme Court.";mixture
"Donald Trump's father, Fred Trump, ran a mayoral campaign advertisement called 'Dope Man' in 1969.";FALSE
"Decorated Vermont state trooper Arcot Ramathorn, an Iraqi Muslim, would be denied entry under proposed U.S. travel restrictions.";false
"";
"The government is eliminating a subsidy that helps diabetics acquire blood glucose test strips.";Mostly false
"A video shows Coretta Scott King thanking Jeff Sessions during her remarks at the dedication of the Rosa Parks Library.";MOSTLY FALSE
"The Secret Service has launched an ""emotional protection"" unit for President Trump.";false
"President Trump has established English as the official language of the United States.";FALSE
"ISIS murdered 250 children by putting them into a dough kneader.";unproven
"President Donald Trump banned ""Sharia Law"" in the United States.";FALSE
"Thousands of Muslims voluntarily left the United States after Donald Trump was elected president.";mixture
"President Trump fired longtime White House butler Cecil Gaines for disobedience.";FALSE
"Education Secretary Betsy DeVos ordered that all classroom globes be flattened.";false
"Lunar eclipses happen only during full moons.";True
"As of February 2017, the U.S. murder rate was the highest it had been in 47 years.";False
"A President Trump supporter kicked a Muslim woman in the stomach and killed her unborn twins.";MIXTURE
"Betsy DeVos and her family contributed millions of dollars to the campaigns of Republican candidates.";TRUE
"Amazon's Alexa ordered an expensive dollhouse after a child asked the device to play with her, and a news report on the incident triggered several dozen more unwanted orders.";unproven
"A new Arkansas law allows rapists to sue their victims to stop an abortion.";false
"A woman named Cassidy Boon is suing the man who saved her from drowning, claiming he raped her.";False
"'The Simpsons' predicted President Donald Trump's death and showed him lying in a coffin.";FALSE
"";
"President Trump signed an Executive Order banning childhood vaccinations for 90 days.";false
"Vice President Mike Pence openly lamented God never asked him to sacrifice one of his children, but he was prepared in the event that a sacrifice of a grandchild was requested of him.";false
"Evolution Fresh brand cold-pressed juices and smoothies are 'poison.'";false
"A photograph shows a young Mike Pence with his chest exposed.";FALSE
"John Lennon said in 1981 that the ""only way out of the messes we've created"" is to elect a businessman.";false
"Tom Brady flashed his middle finger while being presented with the 2017 Super Bowl MVP trophy.";FALSE
"An image macro accurately compares the remarks of President Trump and former President Obama at National Prayer Breakfasts.";MIXTURE
"A damaged nuclear reactor at Fukushima Daiichi is about to fall into the ocean.";false
"The Simpsons correctly predicted various incidents that took place during Super Bowl LI.";MIXTURE
"A video shows Anderson Cooper laughing uncontrollably after Kellyanne Conway used the phrase ""alternative facts.""";FALSE
"Stephen Colbert and Rachel Maddow are organizing a 'Fire The Fool' rally against President Trump.";MOSTLY FALSE
"Green Card holders are being illegally registered to vote without their knowledge or consent in order to create legal grounds for their deportation.";mostly false
"A 1940's Dr. Seuss political cartoon criticized Americans for not caring about the deaths of foreign children.";true
"";
"Studies have proved that having an abortion increases a woman's risk of developing breast cancer.";False
"Steve Bannon once described himself a ""Leninist"" who wanted to destroy the state.";UNPROVEN
"Dwayne ""The Rock"" Johnson has announced a presidential bid.";FALSE
"President Trump's White House dress code includes a requirement women wear dresses.";unproven
"A massive disc-shaped UFO was spotted in Malaysia.";false
"White House staff disabled routine recording of a January 2017 phone call between Vladimir Putin and Donald Trump.";unproven
"A vintage advertisement features a young boy eating a stick of butter.";FALSE
"President Trump signed an executive order naming himself winner of the popular vote.";false
"Neil Gorsuch called for the ""advancement of the white race"" and segregation in a 2012 statement.";FALSE
"President Trump lifted sanctions against Russia as a ""gift"" to Putin.";mostly false
"In 2016, Senate Majority Leader Mitch McConnell said: ""One of my proudest moments was when I told Obama, 'You will not fill this Supreme Court vacancy,'"" and in 2017, he said, ""Apparently there's yet a new standard now, which is not to confirm a Supreme Court nominee at all. I think that's something the American people simply will not tolerate.""";True
"President Trump has removed white supremacists from the goverment's terror watch list.";unproven
"Supreme Court nominee Neil Gorsuch founded a 'Fascism Forever' club at Georgetown Prep and made white separatist/anti-Semitic statements.";false
"Providing security for First Lady Melania Trump in New York City would cost double the amount it takes to fund the National Endowment for the Arts";UNPROVEN
"President Trump changed the name of Black History Month to African-American History Month.";mostly FALSE
"A man named Caleb Lee asked for a military discount and was berated by a Pizza Hut manager for his purported sense of entitlement.";false
"An Image depicts a five-year-old Syrian girl in handcuffs at Dulles Airport.";mixture
"";
"CAIR leader Mustafaa Carroll said that Muslims are above the law of the land and Sharia law supersedes the U.S. constitution";MIXTURE
"The mainstream media suppressed video of a massive march in which Muslims chanted ""death to America.""";False
"An image depicts burning tents at a Dakota Access Pipeline protest camp at Standing Rock.";false
"Donald Trump signed an executive order naming climate change as a threat ""both to the economy and national security.""";FALSE
"An academic study cited by conservative news organizations and the Trump administration proved that Hillary Clinton received more than 800,000 non-citizen votes in the 2016 presidential election.";False
"President Trump filed for re-election early, which means non-profits can't criticize him without losing their tax-exempt status.";false
"Judge Neil Gorsuch was unanimously confirmed to the 10th Circuit Court of Appeals in 2006.";TRUE
"President Trump signed an Executive Order prohibiting ER visits for patients complaining solely of a cold.";false
"President Trump replaced a White House portrait of George Washington with a painting of Vigo the Carpathian.";false
"A photograph shows a small boy who was handcuffed at Dulles Airport due to temporary immigration restrictions implemented in January 2017.";false
"Facebook pop-up windows are warning that the Department of Homeland Security (acting under a bill known as CISPA) is forwarding entire Facebook histories of Standing Rock protesters to the Federal Bureau of Investigation.";false
"Neil Gorsuch quoted Henry Kissinger in his Columbial University yearbook entry.";TRUE
"A chart documents that nationals from the seven countries included in President Trump's U.S. entry restriction have not killed any American citizens since 1975.";mixture
"Boston-based history professor Heather Richardson surmised President Trump's Executive Order on immigration was a ""shock event.""";Correctly Attributed
"Queen Elizabeth asserted she has the legal authority to kill President Trump with a sword should he enter Buckingham Palace.";false
"President Trump needs Senate confirmation in order for Steve Bannon to sit on the National Security Council.";unproven
"Donald Trump's executive order restricting U.S. travel from predominantly-Muslim nations does not include countries where he has business interests.";TRUE
"Starbucks offered free drink upgrades to customers who provided the name ""Aloha Snackbar"" to their baristas.";FALSE
"";
"A photograph shows Melania Trump's grandmother, Olga Orlif, who was a Soviet Soldier in World War II.";FALSE
"As a result of President Trump's January 2017 executive order on immigration, an Islamic State leader was captured at a New York airport.";false
"President Obama banned immigration from Iraq for six months in 2011, but the media buried the story.";mostly false
"President Trump plans to make it illegal to be transgender.";false
"President Donald Trump criticized Prime Minister Justin Trudeau for excessive Facebook usage.";false
"Top advisers to President Trump believe he is misleading them about being blackmailed by Russia.";unproven
"President Donald Trump changed the constitution to read ""citizens"" instead of ""persons.""";MOSTLY FALSE
"NASA now says that burning fossil fuels cools the planet.";False
"Mary Anne MacLeod, President Donald Trump’s mother, illegally immigrated to the United States in 1929.";Unproven
"KellyAnne Conway said that being labelled racist is a small price to pay for making the country ""great again.""";FALSE
"President Trump's executive order limiting travel and immigration from certain countries was made possible under a bill signed into law by President Obama in 2015.";mixture
"Donald Trump's presidential campaign unveiled a new logo that resembles a swastika.";false
"An NPR study determined that 25 million fraudulent votes had been cast for Hillary Clinton in the 2016 presidential election.";false
"President Trump has ordered the construction of concentration camps in the U.S.";MIXTURE
"White House Press Secretary Sean Spicer retweeted a satirical item from 'The Onion'  about himself.";true
"Pope Francis condemned Donald Trump for issuing a temporary travel ban in January 2017.";mostly false
"A photograph shows Canadian Prime Minister Justin Trudeau watering a tree in the rain.";FALSE
"";
"Mike Pence tweeted that calls to ban Muslims from entering the U.S. are ""offensive and unconstitutional.""";True
"Dan Rather has come out of retirement as a newsman to ""topple"" the Trump administration?";mixture
"The senate voted 51-48 to repeal the Affordable Care Act on 12 January 2017.";MOSTLY FALSE
"People are being victimized by scammers who call and ask ""Can you hear me?"" and record the ""yes"" response in order to use it to authorize fake charges.";unproven
"Donald Trump doctored a White House photograph to make his hands appear larger.";FALSE
"The Chili's restaurant chain donates 15 percent of every sale to Planned Parenthood.";mostly false
"Rachel Maddow tweeted that Donald Trump needs to be ""taken out"" before he destroys America.";FALSE
"Donald Trump hung a photograph of the Women's March at the White House believing that it showed his inauguration.";MOSTLY FALSE
"Demonstrators at the Women's March on Washington carried signs that said ""babies are useless.""";false
"NASA is lying about the path of a recently discovered asteroid, and it will actually cause widespread destruction when it hits Earth in February 2017.";False
"John Wayne said that he believed in white supremacy during an interview with ""Playboy"" magazine.";TRUE
"Farmers feed their cattle candy, such as Skittles.";TRUE
"A video investigation showed that Planned Parenthood lies about providing prenatal care.";MOSTLY FALSE
"Kellyanne Conway punched a man while breaking up a fight at an inauguration ball.";unproven
"President Trump ordered the execution of several turkeys pardoned by President Obama.";false
"A Gucci ensemble worn by Trump counselor Kellyanne Conway to the inauguration closely resembled a 1970s 'Simplicity' pattern.";false
"President Trump disparaged Navajos on Twitter on 20 January 2017.";false
"";
"Female lawmakers unveiled a bill prohibiting the disposal of ""unused semen.""";false
"President Obama defied Congress and ""quietly"" sent $221 million in aid to the Palestinian Authority.";mixture
"When Winston Churchill was asked to cut arts funding to support the war effort, he replied: “Then what are we fighting for?”";FALSE
"President Donald Trump posited that Canadian women were the second biggest threat to America following ISIS.";false
"Placing a raw, cut onion in contact with your foot overnight “purifies your blood”, removes “toxins”, and heals your body.";False
"A Saturday Night Live writer was suspended for tweeting about Trump's youngest child.";true
"Vice President Mike Pence claimed that ""well over half"" of the people at the Womens' March on Washington supported President Donald Trump.";False
"President Obama promoted former Taliban captive Bowe Bergdahl to staff sergeant.";FALSE
"The FBI raided the CDC in the middle of the night to seize data on a link between vaccines and autism.";false
"President Trump's administration shut down the White House phone comment line.";mostly false
"President Trump tweeted that drug testing would soon be mandatory for all recipients of government assistance.";false
"Images depict scantily clad women taking part in a January 2017 Women's March event.";false
"The 'Dr. Phil Show' guest known as the ""Cash Me Outside"" girl committed suicide.";false
"Lawmakers are creating harsher criminal penalties for protesters";mixture
"Carl Sagan once speculated about the dangers of a future United States in which “key manufacturing industries have slipped away to other countries”, where people “have lost the ability to set their own agendas or knowledgeably question those in authority” and “no one representing the public interest can even grasp the issues”.";True
"""Snowflake"" was a Nazi term used to describe the remains of those who were incinerated during the Holocaust.";FALSE
"President Barack Obama put his hand on Melania Trump's buttocks during her husband's 20 January 2017 inauguration.";FALSE
"Former President Obama's daughters Malia and Sasha were arrested for vandalism in Hawaii.";FALSE
"";
"The Women's March on Washington is tallying attendees by asking them to text ""COUNT ME"" to 89800.";mixture
"Donald Trump's 2017 swearing-in was the most viewed presidential inauguration in history.";unproven
"One of the first acts of the Trump administration was to seek the end of U.S. participation in the United Nations.";mostly false
"Donald Trump had a bust of Marin Luther King, Jr. removed from display in the Oval Office on his first day in the White House.";False
"Mike Pence said that he was disappointed in husbands and fathers for allowing women to participaite in the Women's March.";FALSE
"Official Department of Interior Twitter accounts were temporarily deactivated after the National Park Service account was used to retweet negative information about the incoming Trump administration.";True
"Donald Trump plagiarized portions of 'Bee Movie' and 'Avatar' for his inaugural address.";FALSE
"Former president Barack Obama referred to himself 75 times during his farewell speech, compared to just 3 self-references by President Donald Trump in his inaugural address.";mixture
"Melania Trump's biography on the White House web site promotes her jewelry line.";mostly true
"Capsaicin, the spice-causing molecule in chili peppers, can help beat breast cancer.";Unproven
"The Clinton Foundation is shutting down due to lack of donations.";mixture
"Donald Trump requested tanks and missile launchers at his inaugural parade.";unproven
"Canadian officials planted a ""privacy hedge"" along that country's border with the U.S.";FALSE
"President Donald Trump's proposed 2020 re-election campaign slogan (""Keep America Great"") was used in a 'Purge' film.";true
"Donald Trump removed the terms ""LGBT"" and ""climate change"" from the White House web site.";MIXTURE
"A photograph captured Joe Biden posing menacingly with an elderly woman and a gun.";false
"";
"A pilot refused to let President Obama onboard a helicopter after he failed to salute a Marine.";FALSE
"A highway sign in Maryland told drivers to ""Consider Canada"" due to inauguration traffic.";FALSE
"A photograph shows President Obama taking the oath of office with his hand on a Quran.";FALSE
"Early images depict massive crowds at the 20 January 2017 inauguration of Donald Trump.";false
"President-elect Donald Trump was pictured at a cross burning with the KKK.";FALSE
"Congressman John Lewis didn't pay property taxes on his townhouse in Washington, D.C.";unproven
"A photograph shows two men standing next to a dog who had its ears cut off.";TRUE
"Donald Trump posed for a fake speechwriting photograph at an auction house's receptionist's desk.";false
"A photograph shows a homeless woman outside in the cold holding a dead baby.";mixture
"The Hampton United Methodist Church called Donald Trump a pervert, a con artist, and a fascist on their church sign.";FALSE
"Russia minted ""In Trump We Trust"" coins ahead of the 45th U.S. president's inauguration.";mixture
"Coretta Scott King wrote a letter opposing Jeff Session's confirmation for appointment as a federal judge.";true
"President Obama ordered a life-sized bronze statue of himself to be permanently installed at the White House.";FALSE
"President Obama was captured on a ""hot mic"" making offensive comments to Al Sharpton at a Martin Luther King, Jr. Day event.";false
"Chinese people are selling each other bags of fresh air because of air pollution.";mixture
"Vanilla ice cream was originally a deep, dark black color before white people demanded it be changed in 1912.";false
"The remains of a Nazi soldier were found in the belly of a giant catfish.";false
"";false
"";
"A ""quick-thinking mom"" distracted a robber by performing a sex act on him in order to allow her family to safely escape.";false
"A government report from 2008 states that 35,000 veterans of the first Gulf War died as a direct result of adverse effects from an Anthrax vaccine they were mandated to receive.";Unproven
"Donald Trump's official inauguration poem describes Barack Obama as a tyrant.";MOSTLY FALSE
"Americans can use their birth certificates to access secret ""strawman"" funds.";false
"The American Civil Liberties Union has demanded police in Washington, D.C. disable their body cameras for the duration of inaugural protests in 2017.";mostly false
"Speaker Paul Ryan is blocking all incoming calls and faxes to his various offices.";unproven
"The group Demand Protest LLC is paying $2500 for people to protest Donald Trump's inauguration.";FALSE
"Two college students have vowed to remove their own penises to protest a planned U.S.-Mexico border wall.";false
"Microwave ovens were banned in the USSR in 1976 to protect its citizens from harmful health effects.";False
"A photograph shows a large group of bikers on their way to Donald Trump's inauguration.";FALSE
"A Russian sex worker said Donald Trump was one of her clients and that he has a small penis.";false
"President-elect Donald Trump's inauguration will be the first presidential inauguration that Rep. John Lewis has skipped.";false
"Rep. Chris Collins, a member of President-elect Donald Trump's transition team, compared civil rights icon Rep. John Lewis to ""a spoiled chimp who got too many bananas and rights.""";False
"A video shows bystanders at Walmart doing nothing to intervene when a man experiencing a seizure is robbed of his wallet.";mixture
"Dr. Martin Luther King, Jr. said ""Our lives begin to end the day we become silent about things that matter.""";mixture
"Harrison Ford compared Donald Trump to ""patriots"" such as Indiana Jones, Han Solo, and Jack Ryan.";FALSE
"Donald Trump  advocated not washing hands after using the restroom as a ""power play"" in his 1987 book .";FALSE
"";
"A study has determined that Nutella brand spread includes a known carcinogen among its ingredients.";false
"Rapper Snoop Dogg threatened any black artist who performs at Donald Trump's inauguration.";mostly false
"President Obama trademarked the name 'Obamacare' and receives royalties every time the term is used.";FALSE
"author William Golding once said that women are ""far superior [to men] and always have been.""";true
"Michelle Obama's Secret Service detail abruptly quit during her Hawaii vacation and left her on the street.";FALSE
"Donald Trump revoked the press credentials of six major news outlets.";FALSE
"Cone-shaped skulls found in Latin America are of alien, not human, origin.";false
"The U.S. Army is investigating ways to build biodegradable bullets that will sprout into plants.";True
"Anyone who bought milk after 2003 can be compensated under the terms of a class action lawsuit.";mixture
"A photograph shows a Palestinian boy after he was shot in the heart by an Israeli soldier during the First Intifada.";FALSE
"Mexican drug kingpin Joaquín ""El Chapo"" Guzmán donated millions of dollars to Hillary Clinton's 2016 presidential campaign.";FALSE
"Adam Sandler was found dead of an apparent suicide in January 2017.";false
"Cancer is caused by a deficiency of vitamin “B17,” a condition that can be remedied with nutritional supplements.";False
"Sting video maker James O'Keefe plans to ""infiltrate"" the Women's March on Washington.";unproven
"Television viewers can drastically lower the TV ratings for Donald Trump's inauguration by changing the channel.";MOSTLY FALSE
"Sarah Palin blamed the Fort Lauderdale shooting on ""Mexican Muslim"" immigrants.";false
"Chicago Bulls Rajon Rondo and New Orleans Pelicans Anthony Davis were traded in a five player deal in January 2017.";FALSE
"";
"Musician Kodak Black was shot outside of a nightclub in Florida in December 2016.";FALSE
"Stacks of file folders presented as evidence that President-elect Donald Trump was turning his business holdings over to his children were empty and/or contained blank sheets of paper.";Unproven
"Hackers can extract fingerprints from peace sign selfies and steal people's identities.";unproven
"A former Army sniper shot three violent home intruders in the course of their victimizing a neighbor's household.";false
"Hillary Clinton has been rated ""most admired woman"" by Gallup polls 21 times.";true
"Raggedy Ann dolls were created by a grief-stricken father who lost his daughter to a vaccine-related illness, and who wished to broadcast the risks of vaccination.";mostly false
"Southern Illinois University is closing down its Carbondale campus thanks to ""social justice warrior"" activity.";false
"During the 19th and 20th centuries, some U.S. cities enacted so-called ""ugly laws"" banning people deemed ""diseased, maimed, mutilated or in any way deformed so as to be an unsightly or disgusting object or improper person"" from public spaces.";True
"More than 30,000 cows froze to death during a winter storm because farmers could not be bothered to take care of their animals.";mixture
"A law firm working with Donald Trump was named ""Russia Law Firm of the Year.""";PARTLY TRUE
"A video shows worms found by a consumer inside the candy wrappers of Ferrero Rocher chocolates.";unproven
"Denzel Washington criticized Meryl Streep for making a political speech during the 2017 Golden Globes award ceremony.";MOSTLY FALSE
"A picture depicts a paralyzed man's groomsmen holding him up so he could marry his bride.";false
"CNN reported that Twitter is deleting Donald Trump's account over its use of 'racist rhetoric.'";false
"American intelligence has confirmed that President-elect Donald Trump was blackmailed by Russian operatives.";unproven
"Hollywood is going on strike until Donald Trump resigns from the presidency.";FALSE
"A web site allows criminals to look up the personal information of police officers.";mostly true
"Senator Elizabeth Warren said that women being raped was an acceptable cost for the tolerance of Muslims and praised Planned Parenthood.";false
"";
"An animated image shows Meryl Streep mocking a disabled person on a late night talk show.";FALSE
"Image is a screenshot of a sincere debate between Facebook friends over the Affordable Care Act and Obamacare.";undetermined
"Meryl Streep was fired by director Ron Howard from a from a ""Happy Days"" reboot project for lying about Donald Trump mocking a disabled reporter.";False
"A video shows hundreds of people getting knocked over by a giant rotating bar.";FALSE
"A man was sentenced to 22 years in prison for stealing a remote control.";MIXTURE
"Due to the difficulties President-Elect Donald Trump has had in lining  up singers for his inauguration ceremony, Russian president Vladimir  Putin has volunteered to sing “for my comrade”.";false
"Meryl Streep applauded for Roman Polanski at the Academy Awards in 2003.";TRUE
"Gravity Payments CEO Dan Price rented his house in order to make ends meet after taking a $900,000 pay cut and raising the minimum salary at his company to $70,000.";mixture
"Actress and comedian Sherri Shepherd has died of a heart attack.";False
"Donald Trump gave an unprecedented order for all politically appointed ambassadors to resign immediately.";mixture
"""Harry Potter"" creator J.K. Rowling revealed that lead film actor Daniel Radcliffe is Chinese.";false
"Hillary Clinton said several insulting things about Michelle Obama in a leaked 20 October 2016 e-mail.";false
"An episode of the 1950s western TV series 'Trackdown' featured a snake oil salesman named 'Trump' who promised to build a wall in order to prevent the end of the world.";TRUE
"Women in a dangerous situation at a bar can order an angel shot to ensure safe passage into an Uber and away from a frightening man.";mixture
"Wheaties cereal sticks to magnets because it has metal flakes.";true
"";
"Individuals are legitimately identifying as and calling for acceptance of a new identity known as ""clovergender.""";false
"A man locked his daughter in a cage because she used Snapchat's ""dog filter"" too frequently.";false
"A cartoon from Norway depicting Donald Trump in a diaper was banned from Twitter.";FALSE
"CNN altered a photograph of Esteban Santiago to make his skin appear lighter.";FALSE
"A ""YXX"" notation on Donald Trump's Selective Service record indicates he suffers from the genetic condition Klinefelter syndrome.";False
"Canadian immigrants with ""two wives"" receive a host of government benefits upon their their arrival.";false
"Bob Denver died in January 2017.";FALSE
"";false
"A photograph shows Jesse Owens and Hitler shaking hands at the 1936 Olympics.";FALSE
"Donald Trump said that America's economy crashing would lead to riots demanding we make the country great again.";correctly attributed
"Civil rights activist DeRay Mckesson made and quickly deleted a tweet in which he said he had ""no problem"" with a contemporaneous viral Facebook Live crime in Chicago.";false
"Six anti-Trump protesters were killed by a truck in the course of demonstrating on a freeway.";false
"An x-ray image shows a snake that entered a woman's stomach by crawling through her vagina.";FALSE
"A 12-year-old girl livestreamed her suicide by hanging.";true
"The Washington Post's free daily newspaper used a male gender symbol to illustrate a cover story about women's rights.";TRUE
"Australian authorities saved 20 koalas from what is believed to be one of several underground animal brothels in the area.";false
"Typing ""Facebook Security"" into the ""block search"" field reveals the users Facebook is paying to secretly spy on you.";false
"";
"President Obama awarded himself the Department of Defense Medal for Distinguished Public Service.";mostly false
"Joel Osteen offered to reveal ""God's plan"" to anyone who donated $5,000 to his ministry.";false
"The American Dental Association said semen cuts plaque and tartar by 77%.";False
"Drinking a glass of grape juice three times a day after being exposed to the stomach flu will prevent you from getting sick.";Unproven
"Symbols embossed on the exterior surfaces of Oreo cookies link the product to the alleged conspiratorial activities of the Knights Templar and Freemasons.";False
"The U.S. Supreme Court has ruled that motorists need not have licenses to drive vehicles on public roads.";false
"A 7-year-old boy is missing after being kidnapped from his home in Harrisburg, Pennsylvania.";outdated
"A turtle grew into an odd shape after being trapped in a rubber band for years.";mostly true
"Donald Trump tweeted and deleted a candid, regretful statement in the early hours of New Year's Day.";false
"Close examination of a photograph taken by NASA’s Mars Curiosity Rover shows the presence of a hairy, spider-monkey like creature.";False
"A computer infected by malware proved a Vermont power company has been targeted for disruption by Russian hackers.";mostly false
"Presidential daughter Malia Obama was named the highest-paid heir in 2017.";FALSE
"The modern image of Jesus is modeled on Cesare Borgia, a gangster's son.";false
"MMA fighter Ronda Rousey has been found dead in her bathtub.";false
"Jimi Hendrix, Jim Morrison, Janis Joplin, and Kurt Cobain all died with white Bic lighters in their pockets.";FALSE
"";
"Former Clinton Foundation CEO Eric Braverman has gone ""missing.""";false
"Pranksters briefly changed California's iconic ""Hollywood"" sign to read ""Hollyweed.""";True
"President-Elect Donald Trump appointed Sarah Palin Science and Technology Advisor.";false
"President Obama issued a full pardon for rapper C-Murder.";FALSE
"No arrests were made after thousands of young people got into a massive brawl at a Kentucky mall because everyone involved was white.";unproven
"Princess Leia's ""hair buns"" in Star Wars were inspired by those of a Mexican revolutionary.";MOSTLY TRUE
"Scientific studies demonstrate that the process of adding fluoride to public water reduces the IQ of the individuals in those areas.";False
"Oprah and Tyler Perry have teamed up for a big-ticket Facebook giveaway.";false
"Bristol Palin said performers were afraid performing a his inauguration would cause them to ""fall in love"" with Donald Trump.";false
"An experimental Nazi missile launched in 1944 is expected to enter orbit, and threatens the midwestern United States.";false
"Two handfuls of cashews are equivalent to one dose of Prozac in treating depression, and can be safely substituted for prescribed drugs.";false
"Musician Stevie Wonder was killed in a car crash in December 2016";FALSE
"A member of the Electoral College committed suicide to avoid casting a vote for Donald Trump.";false
"An image shows an advertisement for Trump Tower in Mumbai stating that there is ""only one way to live"" installed over a group of homeless people.";true
"";
"A new Social Security Administration rule would bar Social Security recipients from owning guns.";mixture
"A Navy officer was arrested for ""abuse of public animal"" and ""drunken or reckless driving"" after he used a raccoon to bypass an ignition interlock system.";false
"Mark Twain said that Its easier to fool people than to convince them that they have been fooled.";unproven
"Sinclair Lewis said ""When fascism comes to America it will be wrapped in the flag and carrying a cross.""";False
"A Chinese restaurant in Coral Springs, Florida was busted serving dog meat.";false
"Congress has approved the creation of a taxpayer-funded network called ""Trump TV.""";MOSTLY FALSE
"The bottom drawer on an oven can be used to keep food warm.";MIXTURE
"Burglars returned stolen computers to a group helping rape survivors after realizing whom they'd robbed.";true
"The government of Thailand issued a warning about canned food contaminated with HIV.";false
"A photograph shows a young Carrie Fisher watching her mother Debbie Reynolds perform onstage.";TRUE
"Black police officers are more likely to kill black people.";unproven
"Actor John Amos died from a heart attack on 28 December 2016.";FALSE
"Peanut butter can be used to diagnose Alzheimer’s Disease.";Mostly False
"Carrie Fisher contributed script revisions during the filming of ""The Empire Strikes Back""";false
"The federal government passed a law permitting police officers to shoot dogs if they bark or move.";MIXTURE
"A woman named Catherine Elizabeth Clennan is genuinely seeking several million dollars via GoFundMe to live her dream life.";unproven
"A man was charged with a DUI for drinking too much caffeine.";false
"Walmart has recalled holiday rawhide bones for dogs because they are laced with formaldehyde and have already killed at least one dog.";false
"";
"The Wisconsin Department of Natural Resources’ webpage regarding climate change’s potential effects on the Great Lakes was scrubbed of references to the word ‘climate’.";True
"An image shows a VHS copy of the movie ""Shazaam,"" starring the comedian Sinbad as a genie.";FALSE
"The Russians have sent a manned space craft to Saturn and it's being hidden from the public.";false
"In December 2016, President Obama signed a bill criminalizing alternative media.";mostly false
"Thieves select homes to break into after Christmas by taking note of boxes curbed as trash or recycling.";unproven
"Amazon is taking part in a collection effort for Goodwill.";true
"Morgan Freeman and Meryl Streep are the biological parents of rap artist Future.";false
"Donald Trump threatened military action against Mexico in a tweet sent on Christmas Eve.";FALSE
"Diners are legally obligated to pay mandatory service charges or tips which appear on their checks.";mixture
"All living former presidents have refused to attend Donald Trump's inauguration.";FALSE
"Republican Sen. Mitch McConnell blocked a bipartisan committee from investigating purported Russian hacks.";mixture
"Neil DeGrasse Tyson said his interest in ""astrological [physics]"" stemmed from his experience stealing and consuming large quantities of LSD as a young teen in Harlem.";false
"Multiple precincts in Detroit reported more votes than voters in the 2016 general election, suggesting voter or electoral fraud.";mixture
"Convicted Charleston church shooter Dylann Roof was raped in prison.";false
"CNN was caught using photographs of the same girl to represent three different refugee crises.";false
"Wrestler 'Big Show' was killed in a car accident.";false
"A headstone marking the burial site of a 4-year-old boy was removed because its shape violated cemetery rules.";true
"";
"Telling Siri to ""charge my phone to 100 percent"" will cause the virtual assistant to surreptitiously dial 911 or summon emergency services.";mostly false
"A new trend in carjacking involves the theft of your license plates by robbers who later lure you into a carjacking by pretending they ""found"" your tags.";false
"Former Trump campaign official Carl Paladino said he hopes President Obama dies of mad cow disease and First Lady Michelle Obama goes to live in a cave in Africa with a gorilla.";True
"";false
"Doctors are now saying menstrual cramps are as painful as heart attacks.";unproven
"Liquor and wine are illegal in the U.S. unless they are radioactive.";False
"Fox News is well above both CNN and MSNBC in television viewership and has increased their lead since the 2016 election.";true
"A ""child-like"" painting by Joan Miro sold for $37 million.";TRUE
"An image shows a real flyer for a ""Freedom Concert"" scheduled for Inauguration Day.";MOSTLY FALSE
"The city of Las Vegas is now powered completely by renewable energy.";mostly true
"The flight crew of Air Force One refused to fly President Obama 6,000 miles to play a round of golf.";FALSE
"Salt lamps, because they emit negatively charged ions, impart myriad health benefits including reduced anxiety, improved sleep, increased energy, and protection from an “electric smog.”";False
"A video shows 'jihadi' parents bidding farewell to their two children before one of them blew herself up in a suicide bomb attack.";unproven
"";
"An e-mail published by WikiLeaks revealed that three prominent Republicans were on Hillary Clinton's payroll.";FALSE
"U.S. national security agencies went on ""high alert"" after President-Elect Donald Trump was caught telling ""a dangerous lie.""";false
"The Minnesota Vikings opened Bank Stadium to shelter the homeless on a frigid night in December 2016.";FALSE
"Image depicts two men known to be posing as gas company workers in an attempt to gain access to homes and rob them.";false
"";false
"Singer and former ""The Voice"" star CeeLo Green was injured in a mobile phone explosion captured on video.";False
"H.R. 4919, passed on 8 December 2016, allows the microchipping of ""mentally disabled"" citizens such as patients with autism and Alzheimer's disease.";mostly false
"Charleston church shooter Dylann Roof is actually a former child star and crisis actor named John Christian Graas.";false
"Donald Trump sent a tweet with the word ""unprecedented"" incorrectly spelled ""unpresidented.""";TRUE
"No celebrities are willing to perform for Trump's inauguration.";unproven
"A photograph depicts a Salvation Army bellringer holding a sign stating the group helps people, ""just not the gays.""";false
"A ""Make-A-Wish"" experience was ruined when a high school football player tackled a sick child running for a touchdown.";FALSE
"John Kasich said if women can't be trusted to ""keep their legs closed,"" then they are unfit to choose abortion.";false
"A forthcoming Russian reality show called ""Game2: Winter"" will permit contestants to commit crimes, including rape and murder.";false
"";
"The search-and-rescue organization in Syria, the White Helmets, is linked to terrorists.";unproven
"Every high school marching band in Washington D.C. is boycotting Donald Trump's inauguration.";MOSTLY FALSE
"Women need more sleep than men because their brains get more use on a day-to-day basis.";Mostly False
"A law professor is working to take Donald Trump's election win away by appealing to electoral college voters.";true
"An Indiana man filmed Comcast Xfinity repairmen causing automobile accidents, then refusing to take responsibility.";true
"A group of Muslims tore down a Christmas tree in Italy.";FALSE
"President-Elect Donald Trump appointed Kanye West to a cabinet position.";false
"Victims of atrocities in Syria are being ""recycled"" by anti-government activists.";false
"The state of Florida is ""moving"" to undertake a ""full recount"" of all 2016 general election votes after ""massive voter fraud"" was uncovered.";false
"Hours after Massachusetts legalized recreational marijuana, the state had its first cannabis overdose.";false
"A video shows a driverless Uber running a red light in San Francisco.";MIXTURE
"A video showing an airplane losing altitude and then crashing in Pakistan is ""disappearing from the Internet.""";mixture
"Keanu Reeves overcame a series of tragic events in his life, before and after becoming a wealthy movie star.";Mostly true
"A man working as Santa Claus in a Wisconsin mall beat up a child molester after a child confided that her stepfather had been ""touching"" her.";FALSE
"Three brothers in Limpopo, South Africa were arrested for raping a crocodile.";FALSE
"People for the Ethical Treatment of Animals (PETA) ""rescued"" a number of lobsters headed to dinner plates before promptly killing them all by releasing them into lethal freshwater in Nebraska.";unproven
"McDonald's released a holiday cup that unintentionally featured a risqué image.";FALSE
"A number advertised on a Facebook page lets callers ""leave messages"" for Santa Claus.";false
"";
"During pregnancy, a woman’s brain shrinks and takes up to six months to regain its previous size.";Mixture
"The WikiLeaks 'Podesta archive' included an e-mail that stated President Obama had ""directed his supporters in Colorado to engage in a little all-American voter fraud.""";mostly false
"The second-highest ranking ISIS member urged Muslim-Americans to vote for Hillary Clinton.";false
"Pope Francis decreed that Catholics cannot vote for Democratic presidential candidate Hillary Clinton.";false
"Televangelist Kenneth Copeland says ""civil war"" will unfold if Donald Trump loses the presidential election.";mostly FALSE
"More attacks on U.S. embassies, with more people killed, occurred during the G.W. Bush and Reagan administrations than under Obama.";Mixture
"A video report from CNN shows Donald Trump purchasing a car and two children.";FALSE
"An unknown third party whispered the word ""dozens"" to Hillary Clinton during the third presidential debate.";UNPROVEN
"George Soros-controlled Smartmatic manufactures the voting machines used in 16 crucial states, and those states will be rigged in favor of Hillary Clinton.";false
"The Reverend Billy Graham issued a surprising statement in support of Donald Trump.";misattributed
"Moderator Chris Wallace received a ""cease and desist"" letter from Trump about groping allegations in the midst of a presidential debate.";false
"Outgoing President George H.W. Bush left a note welcoming incoming President Bill Clinton to the White House in 1993.";TRUE
"President Obama passed a law enabling food stamp recipients to use their benefits to purchase hot food.";false
"Hillary Clinton revealed a classified response window of ""four minutes"" for a U.S. president to launch nuclear weapons.";false
"A San Francisco tech company is a front for the web site that accused Julian Assange of pedophilia.";false
"Donald Trump raped his former wife and a young woman, and his modeling agency was found to be trafficking young girls.";mixture
"The town of Clinton, IN, is changing its name to avoid being associated with Hillary Clinton.";False
"Singer-songwriter Bob Dylan has rejected his Nobel Prize Award for Literature.";FALSE
"";
"The Federal Emergency Management Agency scheduled a massive earthquake preparedness drill on the same day as the California primary.";Mostly false
"An image serves as photographic proof that Hillary Clinton is incontinent.";FALSE
"Spy cameras are commonly hidden in hotel room hooks.";Mostly false
"Florida beaches have been invaded with ""sea lice.""";MOSTLY TRUE
"A handful of 1970s quarters are worth a fortune, as they were minted on the back of a 1941 Canadian coin.";MIXTURE
"A man came forward and claimed he had been paid $3,500 to protest at a Donald Trump rally.";false
"The band Tragically Hip has cancelled their tour after members failed to get tickets to their own shows.";FALSE
"Donald Trump retweeted a purported photograph of black supporters of his campaign, even though the depicted people aren't Trump fans.";True
"An elementary school in Fresno, California, forced a third-grader to remove a cap bearing Donald Trump's campaign slogan.";mostly true
"Home Depot founder and CEO Bernie Marcus has endorsed Donald Trump for president.";mixture
"An image depicts a young female Donald Trump supporter covered in blood following an altercation at a California political rally.";False
"A video shows a group of high school students hatching a chick that developed outside an eggshell for the first time in history.";MIXTURE
"California legislators have made it illegal for anyone to deny climate change, under threat of jail time.";mixture
"The NFL is banning the playing of the U.S. national anthem beginning in 2017.";FALSE
"An image shows a young woman who was beaten up by anti-Trump demonstrators at a rally in San Jose.";FALSE
"Actor Jack Black passed away in June 2016.";FALSE
"Scientists have created a human-gorilla hybrid called Hurilla.";FALSE
"A photograph shows an orphan lying in the chalk outline of her absent mother.";FALSE
"";
"A Republican lawmaker proposed introducing ""hunger tests"" before issuing food stamps.";False
"300,000 pounds of rat meat disguised as chicken wings were sold in the U.S. before the Super Bowl.";False
"A customer found maggots inside a new jar of Bertolli tomato sauce.";unproven
"Kim Kardashian wore a coat made from ""South Russian Ovcharka dogs"" to Kanye West's fashion show.";FALSE
"Eminem biopic '8 Mile' will return with a sequel in late 2016.";False
"Produce in California (namely tangerines) is being grown in toxic wastewater from oil company fracking activities.";mixture
"Ted Cruz threatened on Twitter to deport Beyoncé due to her performance at Super Bowl 50.";FALSE
"Bernie Sanders dodged the draft.";False
"Will Smith and Jada Pinkett Smith have purchased the BET channel.";FALSE
"Ted Cruz said that he was skeptical about the timing of Justice Scalia's death.";FALSE
"Beyonce has not been banned from performing in Canada based on her 2016 Super Bowl halftime performance.";false
"A photograph shows Russian soldiers wearing ""exosuits"" in Syria.";FALSE
"Mark Cuban said that Millennials will probably vote for a Democrat in 2016, ""because they fact-check everything.""";FALSE
"Supreme Court Justice Antonin Scalia said ""mere factual innocence is no reason not to carry out a death sentence properly reached.""";Mixture
"There is a children's book called ""Do You Want to Play With My Balls?""";mostly TRUE
"Vice President Joe Biden said that 'no ordinary American cares about their constitutional rights.'";FALSE
"Setting your Apple device's date to 1 January 1970 will reveal a retro-themed Easter egg.";FALSE
"The user of solar panels drains the sun of energy.";FALSE
"";
"";
"";false
"";
"";
